RAS Reach,HMS Contributing Element,HMS Contributing Element Name,HMS Reach,HMS to DSS syntax,Key Station Number,Additional Subbasins Junction Takes,Affected Station numbers,,,,,,,,,,,,,,,,,,,,,,,,,,,,,,,,,,,,,,,,,,,,,,,,,,,,,,,,,,,,,,,,,,,,,,,,,,,,,,,,,,,,,,,,,,,,,,,,,,,,,,,,,,,,,,,,,
CC31 - CC29,Subbasin,COON CREEK 31,CC31 - CC29,CC31 - CC29,19036.03,,19036.03,18885.81,18782.7*,18679.61,18578.8*,18478.03,18279.95,18094.05,17987.5*,17881.13,17690.35,17582.6*,17474.89,17276.64,17081.58,16976.8*,16872.1,16742.5*,16613.08,16503.73,16335.65,16285.18,16184.7*,16084.23,15975.9*,15867.58,15732.15,15617.8,15488.79,15384.8*,15281,15180.0*,15079.11,14911.73,14799.0*,14686.37,14488.84,14384.8*,14280.8,14096.93,13988.3*,13879.75,13777.1*,13674.52,13492.66,13296.32,13191.9*,13087.65,12890.83,12786.0*,12681.23,12579.3*,12477.43,12280.23,12089.69,11988.2*,11886.87,11778.1*,11669.46,11484.66,11377.9*,11271.26,11111.71,10998.8*,10885.94,10689.07,10584.7*,10480.38,10284.64,10172.3*,10059.97,9877.63,9763.05*,9648.47,9492.56,9391.44*,9290.31,9155.93*,9021.55,8909.34*,,,,,,,,,,,,,,,,,,,,,,,,,,,,,,,,,,
CC31 - CC29,Subbasin,COON CREEK 29,CC29 - UCC A,CC29 - UCC A,8797.13,,8797.13,8625.88,8428.84*,8231.8,8120.12*,8008.43,7913.47,7764.11,7692,7582.31*,7472.61,7368.44*,7264.26,7081.44,6885.05,6690.81,6587.47*,6484.13,6380.97*,6277.8,6082.6,5886.76,5687.12,5580.78*,5474.43,5285.79*,5097.15,4960.96*,4824.77*,4688.58,4549.44*,4410.29*,4271.15,4077.42*,3883.68,3690.95*,3498.21,3381.53,3229.05,3150.16,2965.40*,2780.63,2586.07*,2391.51,2251.38*,2111.25*,1971.12,1774.47*,1577.82,1377.85*,1177.87,979.16* ,780.46* ,581.75,420.49* ,259.24* ,97.98,,,,,,,,,,,,,,,,,,,,,,,,,,,,,,,,,,,,,,,,,,,,,,,,,,,,,,,,,
CC33 - UCC A,Subbasin,COON CREEK 33,CC33 - UCC A,CC33 - UCC A,7622.34,,7622.34,7487.06,7384.82*,7282.57,7180.05*,7077.52,6881.29,6684.45,6577.90*,6471.34,6279.85,6080.14,5886.39,5782.92*,5679.44,5486.19,5383.46*,5280.73,5176.11,5017.72,4881.93,4777.77*,4673.61,4481.46,4376.74*,4272.02,4086.18,3978.77*,3871.36,3673.52,3484.62,3294.99,3121.15,3001.56*,2881.97,2771.92*,2661.87,2477.92,2376.66*,2275.4,2079.59*,1883.77,1771.50*,1659.23,1475.26,1298.47,1195.10*,1091.73,980.38* ,869.03,743.31,565.47,485.13,381.36* ,277.59,,,,,,,,,,,,,,,,,,,,,,,,,,,,,,,,,,,,,,,,,,,,,,,,,,,,,,,,,,,
UCC A - B,Junction,CC33 & 29,UCC A - B,UCC A - B,19040.92,Upper Coon Creek A,19040.92,18920.6*,18800.28,18643.3*,18486.4*,18329.56,18166.1*,18002.7*,17839.38,17673.0*,17506.6*,17340.33,17177.4*,17014.4*,16851.53,16687.2*,16522.9*,16358.65,16195.9*,16033.2*,15870.48,15701.5*,15532.6*,15363.67,15199.3*,15035.0*,14870.75,14708.5*,14546.4*,14384.23,14221.4*,14058.7*,13896.02,13738.4*,13580.8*,13423.19,13276.3*,13129.5*,12982.67,12798.8*,12615.0*,12431.18,12262.8*,12094.5*,11926.24,11766.1*,11606.1*,11446.07,11248.5*,11050.9*,10853.3*,10655.8,10495.1*,10334.5*,10173.9*,10013.33,9840.43*,9667.52*,,,,,,,,,,,,,,,,,,,,,,,,,,,,,,,,,,,,,,,,,,,,,,,,,,,,,,,,
UCC A - B,Subbasin,Upper Coon Creek B,UCC B - C,UCC B - C,9494.62,,9494.62,9327.21*,9159.79*,8992.38,8797.62*,8602.85*,8408.09,8245.25*,8082.40*,7919.56,7750.20*,7580.85*,7411.49,7263.18*,7114.87*,6966.56,6804.56*,6642.56*,6480.56,6322.15*,6163.74*,6005.33,5839.70*,5674.08*,5508.45,5347.39*,5186.32*,5025.26,4850.14*,4675.01*,4499.89,4323.01*,4146.14*,3969.26,3809.70*,3650.13*,3490.57,3332.59,3146.71,3003.06,2829.22*,2655.37*,2481.53,2305.30*,2129.07*,1952.84,1764.78*,1576.71*,1388.65,1225.05*,1061.45*,897.85,,,,,,,,,,,,,,,,,,,,,,,,,,,,,,,,,,,,,,,,,,,,,,,,,,,,,,,,,,,,,,
UCC C - Junction,Subbasin,Upper Coon Creek C,UCC C - Junction,UCC C - JUNCTION,590.65,,590.65,419.76*,248.86,,,,,,,,,,,,,,,,,,,,,,,,,,,,,,,,,,,,,,,,,,,,,,,,,,,,,,,,,,,,,,,,,,,,,,,,,,,,,,,,,,,,,,,,,,,,,,,,,,,,,,,,,,,,,,,
CC35 - Junction,Subbasin,COON CREEK 35,CC35 - Junction,CC35 - JUNCTION,4466.19,,4466.19,4361.88,4261.19*,4160.49,3969.34,3857.34*,3745.34,3573.94,3462.99*,3352.04,3251.89*,3151.73,2960.94,2762.67,2563.95,2372.42,2195.9,2079.71*,1963.52,1766.95,1666.77*,1566.59,1448.23*,1329.86,1191.63,1031.17,954.64,685.19,553.41,383.21* ,213.01,,,,,,,,,,,,,,,,,,,,,,,,,,,,,,,,,,,,,,,,,,,,,,,,,,,,,,,,,,,,,,,,,,,,,,,,,,,,,,,,,,,
Junction - UCC D,Junction,CC35 & UCC C,Junction - UCC D,JUNCTION - UCC D,13430.16,,13430.16,13255.3*,13080.5*,12905.7,12737.9*,12570.1*,12402.4,12254.0*,12105.6*,11957.24,11781.7*,11606.2*,11430.74,11275.3*,11119.9*,10964.56,10795.5*,10626.5*,10457.59,10314.5*,10171.5*,10028.47,9873.73*,9719.00*,9564.26,9404.55*,9244.84*,9085.13,8948.01*,8810.90*,8673.78,8489.62*,8305.46*,8121.3,7965.30*,7809.29*,7653.29,7498.89*,7344.50*,7190.1,7027.10*,6864.09*,6701.09,6540.44*,6379.80*,6219.15,6062.77*,5906.38*,5750,5612.52*,5475.04*,5337.56,5113.39,4936.46*,4759.53,4596.49*,4433.45*,4270.41,4106.28*,3942.16*,3778.03,3629.00*,3479.96*,3330.93,3170.73*,3010.54*,2850.34,2677.26*,2504.19*,2331.11,2176.65*,2022.18*,1867.72,1687.93*,1508.14*,1328.36*,1148.57*,968.78,804.61* ,640.45* ,476.28,392.71,286.83,125.53,,,,,,,,,,,,,,,,,,,,,,,,,,,,,,
CC24 - Junction,Subbasin,COON CREEK 24,CC24 - Junction,CC24 - JUNCTION,4359.26,,4359.26,4253.44*,4147.62,3950.92,3849.88*,3748.83,3641.18*,3533.53,3433.17*,3332.81,3231.10*,3129.39,3026.08*,2922.76,2729.53,2546.44,2445.25*,2344.05,2243.01*,2141.97,2033.11*,1924.24,1816.07*,1707.9,1589.07*,1470.24,1329.54*,1188.84,1020.09*,851.34* ,682.59,,,,,,,,,,,,,,,,,,,,,,,,,,,,,,,,,,,,,,,,,,,,,,,,,,,,,,,,,,,,,,,,,,,,,,,,,,,,,,,,,,,
CC23 - Junction,Subbasin,COON CREEK 23,CC23 - Junction,CC23 - JUNCTION,2641.32,,2641.32,2551.87,2354.02,2158.58,2057.82*,1957.06,1843.86*,1730.66,1595.59,1451.05,1335.53*,1220.01,1115.18*,1010.35,812.04,629.84,490.31,,,,,,,,,,,,,,,,,,,,,,,,,,,,,,,,,,,,,,,,,,,,,,,,,,,,,,,,,,,,,,,,,,,,,,,,,,,,,,,,,,,,,,,,,,,,,,,,,
Junction - Junction TC A,Junction,CC24 & CC23,Junction - Junction TC A,JUNCTION - JUNCTION TC A,4527.34,,4527.34,4399.29*,4271.23,4133.70*,3996.16,3566.23,3426.03*,3285.83,3118.30*,2950.78*,2783.25,2602.35*,2421.45*,2240.55,2100.54*,1960.52*,1820.51,1649.68*,1478.84*,1308.01,1154.10*,1000.20*,846.29,682.40* ,518.51* ,354.62,228.01* ,101.4,,,,,,,,,,,,,,,,,,,,,,,,,,,,,,,,,,,,,,,,,,,,,,,,,,,,,,,,,,,,,,,,,,,,,,,,,,,,,,,,,,,,,,
CC25 - Junction,Subbasin,COON CREEK 25,CC25 - Junction,CC25 - JUNCTION,1232.49,,1232.49,1066.38,949.28,783.62,591.45,487.05* ,382.65,270.62* ,158.58,,,,,,,,,,,,,,,,,,,,,,,,,,,,,,,,,,,,,,,,,,,,,,,,,,,,,,,,,,,,,,,,,,,,,,,,,,,,,,,,,,,,,,,,,,,,,,,,,,,,,,,,,
Junction - TC A,Junction,CC25 & Junction,Junction - TC A,JUNCTION - TC A,4267.35,,4267.35,4075.59,3905.84*,3736.08,3578.95*,3421.82*,3264.69,3110.90*,2957.11*,2803.32,2650.17*,2497.03*,2343.88,2174.58*,2005.28*,1835.98,1693.52*,1551.07*,1408.61,1288.1,1167.32,985.73* ,804.13,649.29* ,494.44* ,339.6,,,,,,,,,,,,,,,,,,,,,,,,,,,,,,,,,,,,,,,,,,,,,,,,,,,,,,,,,,,,,,,,,,,,,,,,,,,,,,,,,,,,,,,,
CC21 - TC A,Subbasin,COON CREEK 21,CC21 - TC A,CC21 - TC A,11625.38,,11625.38,11486.02,11321.54,11139.15,10961.32,10859.7*,10758.18,10614.08,10504.9*,10395.85,10249.6*,10103.5*,9957.34,9759.74*,9562.14,9421.05*,9279.96*,9138.87,8969.33*,8799.79,8663.79*,8527.79*,8391.79,8197.48*,8003.16,7807.71*,7612.25,7412.69*,7213.13,7074.82*,6936.50*,6798.19,6652.01*,6505.82,6370.37*,6234.93*,6099.48,5938.55*,5777.62,5637.82*,5498.01*,5358.21,5218.51*,5078.81*,4939.11,4770.59*,4602.06,4461.77*,4321.47*,4181.18,4042.69*,3904.21*,3765.72,3581.63*,3397.54,3206.78*,3016.02,2873.80*,2731.57*,2589.35,2397.05*,2204.75,2064.71*,1924.67*,1784.63,1615.12*,1445.6,1262.21*,1078.82,897.80* ,716.79,550.06* ,383.32,,,,,,,,,,,,,,,,,,,,,,,,,,,,,,,,,,,,,,,,,
TC A TC C,Junction,TC A out,TC A - TC C,TC A - TC C,12950.3,Timber Coulee A,12950.3,12770.8*,12591.3*,12411.93,12256.4*,12101.0*,11945.5*,11790.11,11594.7*,11399.47,11237.6*,11075.7*,10913.88,10744.2*,10574.5*,10404.9*,10235.31,10068.4*,9901.62*,9734.78*,9567.93*,9401.09,9210.30*,9019.52*,8828.73*,8637.94*,8447.16*,8256.37,8081.79*,7907.20*,7732.62*,7558.03*,7383.45,7208.37*,7033.29*,6858.21*,6683.12*,6508.04*,6332.96,6148.21*,5963.46*,5778.70*,5593.95*,5409.2,5226.89,5088.11,4985.30*,4882.49,4717.27*,4552.05*,4386.83,4218.90*,4050.97*,3883.05*,3715.12*,3547.19*,3379.26,3210.30*,3041.34*,2872.38*,2703.42*,2534.46*,2365.5,2182.76*,2000.03*,1817.29*,1634.56*,1451.82,1274.48*,1097.14*,919.81* ,742.47* ,565.13* ,387.79,343.54,194.03,,,,,,,,,,,,,,,,,,,,,,,,,,,,,,,,,,,,,,
CC17 - Junction,Subbasin,COON CREEK 17,CC 17 - Junction,CC 17 - JUNCTION,3627.17,,3627.17,3474.37,3281.5,3180.99*,3080.48,2881.06,2682.57,2487.51,2297.63,2152.95*,2008.27,1904.91*,1801.54,1700.51*,1599.48,1408.85,1224.74,1100.48*,976.21,843.64,712.73,587.98,408.27,299.93* ,191.58,,,,,,,,,,,,,,,,,,,,,,,,,,,,,,,,,,,,,,,,,,,,,,,,,,,,,,,,,,,,,,,,,,,,,,,,,,,,,,,,,,,,,,,,,
CC16 - Junction,Subbasin,COON CREEK 16,CC16 - Junction,CC16 - JUNCTION,2790.94,,2790.94,2690.27*,2589.59,2396.84,2228.36,2045.48,1871.67,1674.98,1571.60*,1468.22,1347.18*,1226.13,1124.20*,1022.26,823.37,641.12,539.50* ,437.88,245.84,,,,,,,,,,,,,,,,,,,,,,,,,,,,,,,,,,,,,,,,,,,,,,,,,,,,,,,,,,,,,,,,,,,,,,,,,,,,,,,,,,,,,,,,,,,,,,,
TC B Reach 1,Junction,CC16 & 17,TC B Reach 1,TC B REACH 1,1662.23,,1662.23,1466.64,1293.32*,1120,942.46* ,764.91* ,587.37,412.32* ,237.28* ,62.23,,,,,,,,,,,,,,,,,,,,,,,,,,,,,,,,,,,,,,,,,,,,,,,,,,,,,,,,,,,,,,,,,,,,,,,,,,,,,,,,,,,,,,,,,,,,,,,,,,,,,,,,
CC15 - Junction,Subbasin,COON CREEK 15,CC15 - Junction,CC15 - JUNCTION,4921.17,,4921.17,4823.74,4635.99,4529.10*,4422.2,4318.71*,4215.21,4050.22,3853.64,3680.97,3545.67*,3410.36,3214.82,3025.87,2923.93*,2821.98,2630.02,2507.21*,2384.4,2278.52*,2172.64,1984.19,1872.61*,1761.03,1567.53,1383.46,1259.03,1147.19*,1035.34,847.38,731.83* ,616.27,433.08,332.45* ,231.81,46.5,,,,,,,,,,,,,,,,,,,,,,,,,,,,,,,,,,,,,,,,,,,,,,,,,,,,,,,,,,,,,,,,,,,,,,,,,,,,,,
TC B Reach 2,Junction,CC15,TC B reach 2,TC B REACH 2,951.5,,951.5,773.33* ,595.15* ,416.98,,,,,,,,,,,,,,,,,,,,,,,,,,,,,,,,,,,,,,,,,,,,,,,,,,,,,,,,,,,,,,,,,,,,,,,,,,,,,,,,,,,,,,,,,,,,,,,,,,,,,,,,,,,,,,
CC 41 Junction,Subbasin,COON CREEK 41,CC 41 - Junction,CC 41 - JUNCTION,3418.18,,3418.18,3237.6,3041.6,2856.24,2754.34*,2652.43,2551.47*,2450.5,2348.08*,2245.66,2134.39,1935.08,1832.06*,1729.04,1559.81,1453.36*,1346.91,1164.92,1102.48,945.03,857.33,735.36* ,613.39,493.75,409.51,300.28,214.58,,,,,,,,,,,,,,,,,,,,,,,,,,,,,,,,,,,,,,,,,,,,,,,,,,,,,,,,,,,,,,,,,,,,,,,,,,,,,,,,,,,,,,,
TC B Reach 3,Junction,CC41,TC B Reach 3,TC B REACH 3,5245.34,,5245.34,5095.21*,4945.07*,4794.94,4637.78*,4480.63*,4323.47,4151.54*,3979.60*,3807.67,3640.56*,3473.45*,3306.34,3185.89*,3065.43,2894.29,2768.26,2591.98*,2415.70*,2239.42,2084.67*,1929.91*,1775.16,1601.51*,1427.87*,1254.22,1056.41*,858.61* ,660.8,,,,,,,,,,,,,,,,,,,,,,,,,,,,,,,,,,,,,,,,,,,,,,,,,,,,,,,,,,,,,,,,,,,,,,,,,,,,,,,,,,,,,
CC 14 - Junction,Subbasin,COON CREEK 14,CC 14 - Junction,CC 14 - JUNCTION,2493.1,,2493.1,2343.65,2182.47,1991.42,1882.22*,1773.02,1575.38,1471.86*,1368.33,1202.5,1093.28*,984.06,850.94* ,717.81,567.72,411.77,377.7,,,,,,,,,,,,,,,,,,,,,,,,,,,,,,,,,,,,,,,,,,,,,,,,,,,,,,,,,,,,,,,,,,,,,,,,,,,,,,,,,,,,,,,,,,,,,,,,,
TC B Reach 4,Junction,CC14,TC B Reach 4,TC B REACH 4,15665.35,,15665.35,15495.4*,15325.4*,15155.5*,14985.6*,14815.7*,14645.78,14464.9*,14284.1*,14103.3*,13922.5*,13741.7*,,,,,,,,,,,,,,,,,,,,,,,,,,,,,,,,,,,,,,,,,,,,,,,,,,,,,,,,,,,,,,,,,,,,,,,,,,,,,,,,,,,,,,,,,,,,,,,,,,,,,,
TC B Reach 4,Subbasin,Timber Coulee B,TC B - D,TC B - D,13560.94,,13560.94,13391.7*,13222.6*,13053.4*,12884.3*,12715.14,12524.0*,12332.9*,12141.8*,11950.8*,11759.72,11592.7*,11425.8*,11258.8*,11091.9*,10924.9*,10758.03,10588.5*,10419.05,10282.3,10243.93,10075.7*,9907.50*,9739.28*,9571.06*,9402.85*,9234.63,9037.19*,8839.75*,8642.31*,8444.87*,8247.43,8049.87*,7852.30*,7654.74*,7457.17*,7259.61,7092.92*,6926.23*,6759.54*,6592.84*,6426.15*,6259.46,6062.68*,5865.91*,5669.13*,5472.36*,5275.58,5076.16*,4876.74*,4677.32*,4477.90*,4278.48,4110.16*,3941.85*,3773.53*,3605.21*,3436.90*,3268.58,3071.02*,2873.46*,2675.89*,2478.33*,2280.77,2085.01*,1889.25*,1693.48*,1497.72*,1301.96,1133.07*,964.17,791.2,659.56,,,,,,,,,,,,,,,,,,,,,,,,,,,,,,,,,,,,,,,,,
Junction - TC F,Junction,TC C & D,Junction - TC F,JUNCTION - TC F,8087.76,"Timber Coulee C, Timber Coulee D",8087.76,7912.54*,7737.31*,7562.09*,7386.87*,7211.64*,7036.42,6843.85*,6651.28*,6458.71*,6266.14*,6073.57,5905.92*,5738.26*,5570.61*,5402.95*,5235.30*,5067.64,4892.94*,4718.23*,4543.53*,4368.83*,4194.12*,4019.42,3847.35*,3675.29*,3503.22*,3331.16*,3159.09,2962.92*,2766.76*,2570.59*,2374.43*,2178.26,2003.15*,1828.03*,1652.92,,,,,,,,,,,,,,,,,,,,,,,,,,,,,,,,,,,,,,,,,,,,,,,,,,,,,,,,,,,,,,,,,,,,,,,,,,,,,
CC53 - TC E,Subbasin,COON CREEK 53,CC53 - TC E,CC53 - TC E,12141.36,,12141.36,12032.46,11833.1*,11633.76,11199.61,11009.6*,10819.67,10620.2*,10420.77,10285.7*,10150.7*,10015.75,9824.35*,9632.95,9491.91*,9350.88*,9209.84,9015.32*,8820.81,8622.18*,8423.55,8285.73*,8147.90*,8010.08,7819.78*,7629.47,7490.41*,7351.34*,7212.28,7078.90*,6945.51*,6812.13,6626.52*,6440.91,6299.90*,6158.90*,6017.89,5883.30*,5748.72*,5614.13,5427.47*,5240.8,5091.67*,4942.53*,4793.4,4659.18*,4524.97*,4390.75,4197.31*,4003.86,3857.47*,3711.09*,3564.7,3460.53,3335.24,3206.99,3066.04*,2925.08*,2784.13,2589.25*,2394.37,2258.65*,2122.93*,1987.21,1788.14*,1589.06,1392.57*,1196.07,1006.76*,817.44,715.22,566.75,460.13,384.19,228.31,88.37,,,,,,,,,,,,,,,,,,,,,,,,,,,,,,,,,,,,,,
Junction - TC G,Junction,TC E & F,Junction - TC G,JUNCTION - TC G,15400.45,"Timber Coulee E, Timber Coulee F",15400.45,15202.3*,15004.2*,14806.1*,14608.0*,14410,14244.1*,14078.3*,13912.5*,13746.77,13620.3*,13493.97,13364.03,13224.08,13051.2*,12878.4*,12705.6*,12532.8*,12360.0*,12187.28,11995.2*,11803.1*,11611.0*,11418.9*,11226.9*,11034.83,10844.7*,10654.6*,10464.5*,10274.4*,10084.3,9904.57*,9724.83*,9545.10*,9365.37*,9185.63*,9005.9,8840.29*,8674.69*,8509.08*,8343.48*,8177.87,8011.06*,7844.24*,7677.43*,7510.62*,7343.80*,7176.99,6995.49*,6813.99*,6632.49*,6450.99,6301.96*,6152.94*,6003.91,5823.07*,5642.22*,5461.38*,5280.53*,5099.69,4932.15*,4764.60*,4597.06*,4429.52*,4261.97*,4094.43,3901.94*,3709.46*,3516.97*,3324.49*,3132,2938.77*,2745.55*,2552.32*,2359.09,2174.93*,1990.77*,1806.60*,1622.44*,1438.28,1267.16*,1096.04*,924.93* ,753.81* ,582.69,,,,,,,,,,,,,,,,,,,,,,,,,,,,,
UCC & TC - Junction,Junction,UCC D & TC G,UCC & TC - Junction,UCC & TC - JUNCTION,12796.04,"Timber Coulee G, Upper Coon Creek D",12796.04,12608.7*,12421.5*,12234.2*,12047.0*,11859.79,11678.0*,11496.3*,11314.5*,11132.8*,10951.1*,10769.4*,10587.6*,10405.9*,10224.2*,,,,,,,,,,,,,,,,,,,,,,,,,,,,,,,,,,,,,,,,,,,,,,,,,,,,,,,,,,,,,,,,,,,,,,,,,,,,,,,,,,,,,,,,,,,,,,,,,,,
UCC & TC - Junction,Junction,MCC G & H,MCC H reach 1,MCC H REACH 1,10042.47,Middle Coon Creek G,10042.47,9852.58*,9662.70*,9472.81*,9282.92,9116.59*,8950.26*,8783.93,8707.53,8558.55,8390.15*,8221.75*,8053.36*,7884.96*,7716.56,7519.65*,7322.73*,7125.82*,6928.91*,6731.99*,6535.08,6367.33*,6199.57*,6031.82*,5864.07*,5696.31*,5528.56,5338.22*,5147.88*,4957.54*,4767.20*,4576.86,4405.53*,4234.20*,4062.87*,3891.53*,3720.20*,3548.87,3376.32*,3203.76*,3031.21*,2858.65*,2686.1,2504.13*,2322.15*,2140.18*,1958.21*,1776.23*,1594.26,,,,,,,,,,,,,,,,,,,,,,,,,,,,,,,,,,,,,,,,,,,,,,,,,,,,,,,,,,,,,,,,,
MCC A - MCC B,Subbasin,Middle Coon Creek A,MCC A - MCC B,MCC A - MCC B,38709.59,,38709.59,38585.9*,38462.3,38278.2*,38094.19,37963.0*,37831.85,37711.3*,37590.77,37416.8*,37243.01,37089.1*,36935.21,36772.7*,36610.22,36421.0*,36231.87,36040.8*,35849.7*,35658.6*,35467.62,35291.4*,35115.2*,34938.99,34782.6*,34626.2*,34469.83,34308.4*,34146.9*,33985.56,33826.7*,33667.8*,33508.97,33336.9*,33164.9*,32992.95,32831.4*,32670.0*,32508.52,32329.2*,32149.9*,31970.6*,31791.29,31638.2*,31485.1*,31332.13,31156.4*,30980.7*,30805.09,30612.1*,30419.1*,30226.2*,,,,,,,,,,,,,,,,,,,,,,,,,,,,,,,,,,,,,,,,,,,,,,,,,,,,,,,,,,,,,,
MCC A - MCC B,Subbasin,Middle Coon Creek B,MCC B MCC C,MCC B MCC C,30033.24,,30033.24,29861.2*,29689.3*,29517.3*,29345.36,29161.1*,28976.8*,28792.5*,28608.33,28423.5*,28238.7*,28054.0*,27869.22,27677.1*,27484.9*,27292.8*,27100.7*,26908.6*,26716.5,26533.8*,26351.1*,26168.5*,25985.8*,25803.2*,,,,,,,,,,,,,,,,,,,,,,,,,,,,,,,,,,,,,,,,,,,,,,,,,,,,,,,,,,,,,,,,,,,,,,,,,,,,,,,,,,,,,,,,,,
MCC A - MCC B,Subbasin,Middle Coon Creek C,MCC C - MCC D,MCC C - MCC D,25620.54,,25620.54,25433.9*,25247.3*,25060.7*,24874.19,24705.5*,24536.9*,24368.3*,24199.77,24014.6*,23829.4*,23644.29,23470.0*,23295.7*,23121.4*,22947.2*,22772.95,22596.8*,22420.7*,22244.6*,22068.5*,21892.5,21723.4*,21554.3*,21385.3*,21216.26,21038.3*,20860.4*,20682.5*,20504.7*,20326.8*,20148.9*,,,,,,,,,,,,,,,,,,,,,,,,,,,,,,,,,,,,,,,,,,,,,,,,,,,,,,,,,,,,,,,,,,,,,,,,,,,,,,,,,,
MCC A - MCC B,Subbasin,Middle Coon Creek D,MCC D - MCC E,MCC D - MCC E,19971.03,,19971.03,19787.2*,19603.5*,19419.7*,19236.0*,19052.2*,18868.5*,18684.74,18485.4*,18286.2*,18086.9*,17887.68,17705.5*,17523.4*,17341.3*,17159.2*,16977.1*,16795.0*,16612.9*,16430.86,16242.0*,16053.1*,15864.2*,15675.4*,15486.5*,,,,,,,,,,,,,,,,,,,,,,,,,,,,,,,,,,,,,,,,,,,,,,,,,,,,,,,,,,,,,,,,,,,,,,,,,,,,,,,,,,,,,,,,,
MCC A - MCC B,Subbasin,Middle Coon Creek E,MCC E - MCC F,MCC E - MCC F,15297.72,,15297.72,15112.9*,14928.1*,14743.3*,14558.5*,14373.7*,14188.9*,14004.0*,13819.29,13646.0*,13472.7*,13299.5*,13126.2*,12952.9*,12779.7*,12606.44,12425.0*,12243.6*,12062.2*,11880.8*,11699.4*,11518.0*,11336.6*,11155.3*,10973.91,10783.1*,10592.3*,10401.6*,10210.8*,10020.0*,9829.30*,9638.53*,9447.76,9264.59*,9081.42*,8898.26*,8715.09*,8531.92*,8348.75*,8165.59*,7982.42*,7799.25,7613.32*,7427.39*,7241.45*,7055.52*,6869.59*,6683.66*,6497.73*,6311.79*,6125.86*,5939.93,5744.30*,5548.66*,5353.03*,5157.39*,4961.76*,4766.12*,4570.49*,4374.85*,4179.22*,3983.58,3784.25*,3584.92*,3385.59*,3186.26*,2986.93*,2787.60*,2588.27*,2388.94,,,,,,,,,,,,,,,,,,,,,,,,,,,,,,,,,,,,,,,,,,,,
MCC H Reach 2,Junction,MCC F & MCC H,MCC H Reach 2,MCC H REACH 2,38559.55,Middle Coon Creek F,38559.55,38376.1*,38192.7*,38009.3*,37825.8*,37642.47,37458.5*,37274.5*,37090.5*,36906.6*,36722.66,36586.7*,36450.81,36285.33,36110.41,35936.7*,35763.1*,35589.5*,35415.9*,35242.27,35071.7*,34901.2*,34730.8*,34560.3*,34389.8*,,,,,,,,,,,,,,,,,,,,,,,,,,,,,,,,,,,,,,,,,,,,,,,,,,,,,,,,,,,,,,,,,,,,,,,,,,,,,,,,,,,,,,,,,
MCC H Reach 2,Junction,MCC J & H,MCC H Reach 3,MCC H REACH 3,34219.34,Middle Coon Creek J,34219.34,34024.1*,33828.9*,33633.7*,33438.6*,33243.42,33050.1*,32856.8*,32663.4*,32470.1*,32276.87,32080.2*,31883.5*,31686.9*,31490.2*,31293.62,31095.7*,30897.8*,30699.9*,30501.9*,,,,,,,,,,,,,,,,,,,,,,,,,,,,,,,,,,,,,,,,,,,,,,,,,,,,,,,,,,,,,,,,,,,,,,,,,,,,,,,,,,,,,,,,,,,,,,
MCC H Reach 2,Junction,MCC I & H,MCC I & H - MCC K,MCC I & H - MCC K,30304.08,"Middle Coon Creek I, Middle Coon Creek H",30304.08,30126.5*,29949.1*,29771.6*,29594.13,29407.3*,29220.62,28900.81,28758.9*,28616.9*,28475.08,28288.7*,28102.4*,27916.1*,27729.8*,27543.5*,27357.2,27187.3*,27017.5*,26847.6*,26677.8*,26507.9*,26338.12,26147.7*,25957.4*,25767.1*,25576.8*,25386.47,25190.1*,24993.7*,24797.3*,24600.9*,24404.62,24226.6*,24048.5*,23870.5*,23692.5*,23514.51,23318.8*,23123.0*,22927.3*,22731.6*,22535.96,22338.3*,22140.6*,21943.0*,21745.4*,21547.7*,21350.1*,21152.5*,20954.8*,20757.2*,20559.6*,20361.9*,20164.33,19989.4*,19814.5*,19639.5*,,,,,,,,,,,,,,,,,,,,,,,,,,,,,,,,,,,,,,,,,,,,,,,,,,,,,,,,
MCC H Reach 2,Junction,MCC L & K,MCC O Upper,MCC O UPPER,19464.66,"Middle Coon Creek L, Middle Coon Creek K",19464.66,19292.5*,19120.4*,18948.2*,18776.1*,18604.05,18405.4*,18206.8*,18008.2*,17809.6*,17611.0*,17412.4*,17213.8*,17015.2*,16816.6*,16618.05,16446.9*,16275.8*,16104.7*,15933.6*,15762.5*,15591.43,15428.6*,15265.9*,15103.2*,14940.4*,14777.75,14595.5*,14413.2*,14230.9*,14048.7*,13866.49,13699.4*,13532.4*,13365.4*,13198.4*,13031.4*,12864.45,12678.3*,12492.3*,12306.2*,12120.1*,11934.11,11736.5*,11538.9*,11341.4*,11143.8*,10946.26,10761.4*,10576.6*,10391.8*,10207.0*,10022.26,9835.13*,9647.99*,9460.86*,9273.72*,9086.59,8898.25*,8709.91*,8521.56*,8333.22*,,,,,,,,,,,,,,,,,,,,,,,,,,,,,,,,,,,,,,,,,,,,,,,,,,,,
MCC H Reach 2,Junction,MCC M & O,Junction - MCC O,Junction - MCC O,8144.88,Middle Coon Creek M,8144.88,7965.59*,7786.30*,7607.01*,7427.72*,7248.43,7062.60*,6876.78*,6690.95,6514.46*,6337.97*,6161.49*,5985.00*,5808.51,5618.64*,5428.76*,5238.89,5095.88*,4952.87*,4809.86,4638.74*,4467.61*,4296.49,4125.75*,3955.01*,3784.27,3646.03*,3507.78*,3369.54,3194.68*,3019.83*,2844.97,2690.95*,2536.93*,2382.91,2216.80*,2050.69*,1884.57*,1718.46,1543.29*,1368.12*,1192.95*,1017.78,844.40* ,671.01* ,497.63* ,324.24,,,,,,,,,,,,,,,,,,,,,,,,,,,,,,,,,,,,,,,,,,,,,,,,,,,,,,,,,,,,,,,,,,,
MCC N - MCC P,Subbasin,Middle Coon Creek N,MCC N - MCC P,MCC N - MCC P,16229.51,,16229.51,16044.4*,15859.4*,15674.3*,15489.3*,15304.2*,15119.2*,14934.1*,14749.12,14572.2*,14395.3*,14218.3*,14041.4*,13864.5*,13687.6*,13510.7*,13333.85,13152.2*,12970.7*,12789.1*,12607.5*,12425.9*,12244.4*,12062.8*,11881.2*,11699.68,11526.7*,11353.9*,11181.0*,11008.1*,10835.2*,10662.35,10482.9*,10303.5*,10124.0*,9944.66*,9765.24*,9585.81*,9406.39,9211.15*,9015.90*,8820.66*,8625.42*,8430.18*,8234.94*,8039.69*,7844.45,7656.63*,7468.82*,7281.00*,7093.18*,6905.36*,6717.55*,6529.73*,6341.91,6144.89*,5947.88*,5750.86*,5553.84*,5356.83*,5159.81*,4962.79*,4765.78*,4568.76*,4371.74*,4174.73*,3977.71*,3780.69*,3583.67*,3386.66*,3189.64*,2992.62*,2795.61*,2598.59,2413.22*,2227.84*,2042.47*,1857.10*,1671.73*,1486.35*,1300.98,,,,,,,,,,,,,,,,,,,,,,,,,,,,,,,,,
Junction - LCC B,Junction,MCC O & P,Junction - LCC B,JUNCTION - LCC B,23137.98,"Middle Coon Creek O, Middle Coon Creek P",23137.98,22982.2*,22826.4*,22670.73,22504.6*,22338.6*,22172.57,22023.2*,21873.9*,21724.67,21571.6*,21418.5*,21265.46,21087.9*,20910.3*,20732.8,20562.2*,20391.7*,20221.1*,20050.6,19858.8*,19667.1*,19475.3*,19283.6,19114.3*,18945.0*,18775.7*,18606.4*,18437.11,18242.2*,18047.3*,17852.5*,17657.6*,17462.7*,17267.9*,17073.0*,,,,,,,,,,,,,,,,,,,,,,,,,,,,,,,,,,,,,,,,,,,,,,,,,,,,,,,,,,,,,,,,,,,,,,,,,,,,,,
Junciton - LCC B,Subbasin,Lower Coon Creek B,LCC B - D,LCC B - D,16878.2,,16878.2,16699.5*,16520.8*,16342.2*,16163.5*,15984.9*,15806.2*,15627.5*,15448.93,15265.8*,15082.7*,14899.6*,14716.5*,14533.4*,14350.3*,14167.29,13976.0*,13784.8*,13593.7*,13402.5*,13211.3,13033.5*,12855.83,12677.5*,12499.3*,12321.1*,12142.8*,11964.6*,11786.3*,11608.1*,11429.91,11241.6*,11053.4*,10865.2*,10676.9*,10488.7*,10300.5*,10112.3,9935.58*,9758.86*,9582.13*,9405.41*,9228.69,9104.80*,8980.91,8946.14,8926.10*,8906.05,8743.66,8400.55,8145.16*,7889.77*,7634.37*,7378.98*,7123.59,6936.96*,6750.34*,6563.71*,6377.08*,6190.45*,6003.83*,5817.20*,5630.57,5452.24*,5273.91*,5095.58*,4917.25*,4738.92*,4560.59*,4382.26,4196.46*,4010.67*,3824.87*,3639.07*,3453.27*,3267.48*,3081.68*,2895.88*,2710.08*,2524.29*,2338.49*,2152.69,1983.11*,1813.53*,1643.96*,1474.38*,1304.8,1130.39*,955.97* ,781.56* ,607.14* ,432.73,,,,,,,,,,,,,,,,,,,,,,
LCC A - LCC C,Subbasin,Lower Coon Creek A,LCC A - LCC C,LCC A - LCC C,7795.3,,7795.3,7607.84*,7420.37*,7232.91,7042.52*,6852.14*,6661.75*,6471.37*,6280.98,6096.38*,5911.77*,5727.17*,5542.57*,5357.97*,5173.36*,4988.76,4794.08*,4599.41*,4404.73*,4210.05*,4015.37*,3820.70*,3626.02*,3431.34*,3236.66*,3041.99*,2847.31*,2652.63,2454.97*,2257.30*,2059.64*,1861.97*,1664.31,1467.88*,1271.46*,1075.03*,878.61* ,,,,,,,,,,,,,,,,,,,,,,,,,,,,,,,,,,,,,,,,,,,,,,,,,,,,,,,,,,,,,,,,,,,,,,,,,,,,,
LCC A - LCC C,Subbasin,Lower Coon Creek C,LCC C - Junction,LCC C - JUNCTION,682.18,,682.18,521.47* ,360.75* ,200.04,,,,,,,,,,,,,,,,,,,,,,,,,,,,,,,,,,,,,,,,,,,,,,,,,,,,,,,,,,,,,,,,,,,,,,,,,,,,,,,,,,,,,,,,,,,,,,,,,,,,,,,,,,,,,,
Junction - LCC F,Junction,LCC C & D,Junction - LCC F,JUNCTION - LCC F,48139.2,Lower Coon Creek D,48139.2,47945.7*,47752.3*,47558.9*,47365.4*,47172.0*,46978.6*,46785.2*,46591.7*,46398.3*,46204.9*,46011.49,45819.8*,45628.2*,45436.6*,45245.0*,45053.4*,44861.8*,44670.2*,44478.6*,44287.04,44102.7*,43918.3*,43734.0*,43549.6*,43365.35,43180.9*,42996.5*,42812.0*,42627.6*,42443.2*,42258.78,42078.3*,41897.8*,41717.4*,41536.9*,41356.5*,41176.0*,40995.61,40833.4*,40671.2*,40508.9*,40346.79,40198.83,40004.2*,39809.5*,39614.9*,39420.3*,39225.72,39039.6*,38853.5*,38667.4*,38481.3*,38295.2,38110.9*,37926.7*,37742.5*,37558.3*,37374.1*,37189.9*,37005.72,36855.5*,36705.4*,36555.2*,36405.13,36216.8*,36028.6*,35840.3*,35652.0*,35463.8*,35275.5*,35087.2*,34899.01,34706.3*,34513.6*,34320.9*,34128.3*,33935.6*,33742.94,33554.5*,33366.1*,33177.8*,32989.43,32807.8*,32626.1*,32444.5*,32262.9*,32081.3*,31899.6*,31718.0*,31536.44,31354.5*,31172.6*,30990.7*,30808.9*,30627.0*,30445.1*,30263.2*,30081.3*,29899.48,29718.5*,29537.6*,29356.7*,29175.8*,28994.9*,28813.9*,28633.07,28448.8*,28264.6*,28080.4*,27896.1*,27711.9*,27527.7*,27343.5*
Junction - LCC F,Junction,LCC F & E,Junction - LCC G,JUNCTION - LCC G,27159.3,"Lower Coon Creek F, Lower Coon Creek E",27159.3,26969.0*,26778.8*,26588.5*,26398.3*,26208.0*,26017.8*,25827.6*,25637.3*,25447.1*,25256.8*,25066.6*,24876.4*,24686.16,24505.3*,24324.5*,24143.7*,23962.9*,23782.1*,23601.35,23405.7*,23210.1*,23014.5*,22818.9*,22623.3*,22427.7*,22232.1*,22036.6,21846.7*,21656.8*,21467.0*,21277.1*,21087.28,20902.2*,20717.3*,20532.3*,20347.3*,20162.3*,19977.3*,19792.3*,,,,,,,,,,,,,,,,,,,,,,,,,,,,,,,,,,,,,,,,,,,,,,,,,,,,,,,,,,,,,,,,,,,,,,,,,,
Junction - LCC F,Subbasin,Lower Coon Creek G,LCC g - LCC H,LCC G - LCC H,19607.41,,19607.41,19420.9*,19234.5*,19048.1*,18861.6*,18675.2*,18488.79,18303.9*,18119.0*,17934.1*,17749.3*,17564.4*,17379.56,17197.6*,17015.7*,16833.8*,16651.9*,16470.1*,16288.2*,16106.3*,15924.4*,15742.53,15558.9*,15375.4*,15191.8*,15008.3*,14824.7*,14641.1*,14457.6*,14274.0*,14090.5*,13906.97,13722.9*,13538.8*,13354.7*,13170.6*,12986.6*,12802.5*,12618.4*,12434.39,12238.5*,12042.6*,11846.7*,11650.8*,11454.9*,11259.0*,11063.2*,10867.3*,10671.4*,10475.5*,10279.67,10086.2*,9892.85*,9699.43*,9506.02*,9312.61*,9119.20*,8925.79*,8732.37*,8538.96*,8345.55,8159.66*,7973.77*,7787.88*,7601.99*,7416.10*,7230.22*,7044.33*,6858.44*,6672.55*,6486.66*,6300.77*,,,,,,,,,,,,,,,,,,,,,,,,,,,,,,,,,,,,,,,,,,
Junction - LCC F,Subbasin,Lower Coon Creek H,LCC H - Junction,LCC H - JUNCTION,6114.88,,6114.88,5937.00*,5759.12*,5581.24*,5403.36*,5225.49*,5047.61*,4869.73*,4691.85*,4513.97,4320.48*,4126.98*,3933.49*,3740.00*,3546.50*,3353.01*,3159.51*,2966.02*,2772.53*,2579.03*,2385.54*,2192.04*,1998.55,1822.50*,1646.45*,1470.40*,1294.35*,1118.29*,942.24* ,766.19* ,590.14,,,,,,,,,,,,,,,,,,,,,,,,,,,,,,,,,,,,,,,,,,,,,,,,,,,,,,,,,,,,,,,,,,,,,,,,,,,,,,,,,,,
Lower CC I into J,Subbasin,Lower Coon Creek I,Lower CC I into J,Lower CC I INTO J,578.15,,578.15,398.59* ,219.03,,,,,,,,,,,,,,,,,,,,,,,,,,,,,,,,,,,,,,,,,,,,,,,,,,,,,,,,,,,,,,,,,,,,,,,,,,,,,,,,,,,,,,,,,,,,,,,,,,,,,,,,,,,,,,,
Junction - LCC J,Junction,LCC I & LCC H,Junction - LCC J,JUNCTION - LCC J,10184.34,*outlet flow is not represented as discussed in Documented_Methods_Thoughts_toThesis,10184.34,9984.61*,9784.88*,9585.15*,9385.43*,9185.70*,8985.97*,8786.24*,8586.51*,8386.78*,8187.06*,7987.33*,7787.60*,7587.87*,7388.14*,7188.41*,6988.69*,6788.96*,6589.23*,6389.5,6196.21*,6002.93*,5809.64*,5616.35*,5423.07*,5229.78*,5036.49*,4843.21*,4649.92*,4456.63*,4263.35*,4070.06*,3876.77*,3683.49*,3490.20*,3296.91*,3103.63*,2910.34*,2717.05*,2523.77*,2330.48,,,,,,,,,,,,,,,,,,,,,,,,,,,,,,,,,,,,,,,,,,,,,,,,,,,,,,,,,,,,,,,,,,,,,,,,,
